train_loss,train_acc,train_cls_loss,train_exp_loss,val_loss,val_acc,val_cls_loss,val_exp_loss
1.3552731275558472,0.7335717678070068,0.5319886803627014,0.8232842087745667,1.1534764766693115,0.8155339956283569,0.3898123502731323,0.763664186000824
1.1358381509780884,0.8096185922622681,0.42292556166648865,0.7129127383232117,1.268075942993164,0.737864077091217,0.5324512124061584,0.7356246113777161
1.1398011445999146,0.8029274344444275,0.43753260374069214,0.7022683620452881,1.0599348545074463,0.8058252334594727,0.3968264162540436,0.6631085276603699
0.9903030395507812,0.8734495639801025,0.29977917671203613,0.6905236840248108,1.0164998769760132,0.8252427577972412,0.344842791557312,0.6716570854187012
1.297852635383606,0.7250608205795288,0.5810070037841797,0.7168452143669128,1.0615566968917847,0.8495145440101624,0.3804401159286499,0.68111652135849
1.1313209533691406,0.7865604162216187,0.46171844005584717,0.6696023941040039,1.0566998720169067,0.8300970792770386,0.3528863787651062,0.7038135528564453
1.1037375926971436,0.8083353042602539,0.428384929895401,0.6753522753715515,1.4927664995193481,0.5873786211013794,0.639373242855072,0.8533931374549866
1.1603987216949463,0.7816290855407715,0.4657415747642517,0.6946571469306946,1.0867044925689697,0.8786407709121704,0.32646042108535767,0.7602441310882568
1.0527492761611938,0.8120441436767578,0.4108145534992218,0.6419345736503601,0.9219029545783997,0.8592233061790466,0.29021868109703064,0.6316841840744019
0.9778092503547668,0.8479564785957336,0.34958896040916443,0.62822026014328,0.9412851333618164,0.8689320087432861,0.2869817018508911,0.6543033719062805
0.845288872718811,0.8905109167098999,0.2517564296722412,0.5935325026512146,0.7674954533576965,0.9126213788986206,0.21675506234169006,0.5507403612136841
0.9061092734336853,0.8813868761062622,0.29362794756889343,0.6124812960624695,0.8433539271354675,0.8786407709121704,0.2735241651535034,0.5698297619819641
0.9373829960823059,0.8490312695503235,0.3607121706008911,0.57667076587677,0.8851163387298584,0.8640776872634888,0.29587888717651367,0.5892374515533447
0.8979244828224182,0.8686603307723999,0.30435091257095337,0.5935733318328857,0.9638397097587585,0.8009708523750305,0.41275882720947266,0.5510808229446411
0.9343306422233582,0.8446276187896729,0.34581467509269714,0.5885159373283386,0.9622063636779785,0.8252426981925964,0.389645516872406,0.572560727596283
0.8954368829727173,0.8434761762619019,0.36238354444503784,0.5330533385276794,0.8039230704307556,0.9126213788986206,0.25772401690483093,0.5461990237236023
0.801997721195221,0.9032233953475952,0.2567622661590576,0.5452353954315186,1.1487822532653809,0.7427184581756592,0.5466306209564209,0.6021515727043152
0.9048861265182495,0.8588908910751343,0.3444497585296631,0.5604364275932312,1.051590919494629,0.8058252334594727,0.4106749892234802,0.6409159302711487
0.8702781200408936,0.8722627758979797,0.31926023960113525,0.5510180592536926,0.8869009613990784,0.8592233061790466,0.30831608176231384,0.5785848498344421
0.8081629276275635,0.8984184861183167,0.2564573884010315,0.5517055988311768,0.7745004296302795,0.9077669382095337,0.230601966381073,0.5438984036445618
0.834352970123291,0.8923097252845764,0.26174604892730713,0.5726070404052734,0.8406510353088379,0.8689320087432861,0.28800374269485474,0.5526472926139832
0.7700823545455933,0.9239017963409424,0.21783551573753357,0.552246630191803,0.8547375798225403,0.8786407709121704,0.2748418152332306,0.5798956751823425
0.8459043502807617,0.8809723854064941,0.2923275828361511,0.5535768866539001,1.0218310356140137,0.8203883171081543,0.40503519773483276,0.6167958378791809
0.893076479434967,0.8687810897827148,0.3246629238128662,0.5684133768081665,0.8349534273147583,0.8737863898277283,0.26637551188468933,0.5685779452323914
0.8759552240371704,0.8911301493644714,0.280699223279953,0.5952560305595398,0.7979706525802612,0.8980582356452942,0.2377532720565796,0.5602174401283264
0.7655654549598694,0.9106082320213318,0.21425318717956543,0.5513122081756592,0.7609290480613708,0.9029126167297363,0.20626570284366608,0.554663360118866
0.7453745603561401,0.9312100410461426,0.19008055329322815,0.5552940964698792,0.7665139436721802,0.898058295249939,0.20987078547477722,0.5566431879997253
0.8036673069000244,0.8928683996200562,0.24925267696380615,0.5544145703315735,0.7848784923553467,0.8980582356452942,0.24072174727916718,0.5441566109657288
0.7702900171279907,0.903765082359314,0.23985132575035095,0.5304387211799622,0.8745197653770447,0.8689320087432861,0.301437646150589,0.5730822682380676
0.7398501038551331,0.9268642663955688,0.20787055790424347,0.5319792032241821,0.8085361123085022,0.9077669978141785,0.2512573003768921,0.5572788119316101
0.7465218305587769,0.9158929586410522,0.21466781198978424,0.5318540930747986,0.8980353474617004,0.8446601629257202,0.32874491810798645,0.5692904591560364
0.7374609708786011,0.9165078401565552,0.21289782226085663,0.5245631337165833,0.844028115272522,0.8543689250946045,0.31061986088752747,0.5334082841873169
0.7246087193489075,0.9287617206573486,0.21111252903938293,0.5134962201118469,0.7938970923423767,0.893203854560852,0.24073821306228638,0.5531589388847351
0.6527633666992188,0.9513026475906372,0.1569957435131073,0.49576762318611145,0.751140832901001,0.9223300814628601,0.21402940154075623,0.5371114015579224
0.7421302795410156,0.9099000692367554,0.22756631672382355,0.5145637392997742,0.804152250289917,0.8834951519966125,0.2509262263774872,0.5532259941101074
0.6624178290367126,0.9495133757591248,0.17450112104415894,0.4879165589809418,0.8271564245223999,0.8689320087432861,0.28728270530700684,0.5398737192153931
0.703173041343689,0.9343065619468689,0.19729870557785034,0.5058743357658386,0.8606336116790771,0.8689320087432861,0.26114198565483093,0.5994915962219238
0.6847929358482361,0.9397698640823364,0.18092802166938782,0.5038647651672363,0.9668457508087158,0.8106796145439148,0.37228208780288696,0.5945637226104736
0.7597643733024597,0.9226171970367432,0.21572908759117126,0.5440354347229004,0.8418070673942566,0.8640776872634888,0.2695454955101013,0.5722615718841553
0.6751049757003784,0.9506950974464417,0.1760992854833603,0.49900543689727783,0.7947207689285278,0.9223301410675049,0.23298263549804688,0.5617382526397705
0.6429147720336914,0.9549431800842285,0.16308501362800598,0.4798298478126526,0.7799689173698425,0.9271844625473022,0.21702486276626587,0.5629441738128662
0.646945059299469,0.9641119241714478,0.14639703929424286,0.5005478262901306,0.7734450697898865,0.917475700378418,0.2163102626800537,0.557134747505188
0.6243732571601868,0.9610705375671387,0.14159683883190155,0.4827764332294464,0.7614340782165527,0.9271844625473022,0.20850695669651031,0.5529271364212036
0.6349296569824219,0.9573137760162354,0.14791534841060638,0.4870142638683319,0.8310872316360474,0.8883495330810547,0.2653118371963501,0.5657753348350525
0.7015257477760315,0.925633430480957,0.20225970447063446,0.4992659389972687,0.805314302444458,0.9077669978141785,0.2530314326286316,0.5522828102111816
0.6469146609306335,0.9610705375671387,0.15287747979164124,0.4940371811389923,0.773099958896637,0.898058295249939,0.22337861359119415,0.5497212409973145
0.6285045742988586,0.9652591943740845,0.14367032051086426,0.48483410477638245,0.7515835762023926,0.9320388436317444,0.2063731551170349,0.5452104806900024
0.6284193992614746,0.9677414894104004,0.1338552087545395,0.49456408619880676,0.7474364638328552,0.9271844625473022,0.2155192494392395,0.5319172143936157
0.6293253898620605,0.9616788625717163,0.13338057696819305,0.49594467878341675,0.7658087015151978,0.8883495330810547,0.23483550548553467,0.5309731960296631
0.6305626034736633,0.9530636072158813,0.14899618923664093,0.48156607151031494,0.7548578977584839,0.9029126167297363,0.22194841504096985,0.5329095125198364
0.6297057271003723,0.964648962020874,0.13561274111270905,0.49409300088882446,0.7469943165779114,0.9223300814628601,0.2107236534357071,0.5362706780433655
0.6252068877220154,0.9598139524459839,0.1449948251247406,0.4802118241786957,0.7724484801292419,0.9126213788986206,0.2233826220035553,0.549065887928009
0.6040089130401611,0.9695522785186768,0.12971551716327667,0.47429317235946655,0.750141978263855,0.9126213788986206,0.2065228372812271,0.5436191558837891
0.6105579733848572,0.9586004018783569,0.13786494731903076,0.47269296646118164,0.7856911420822144,0.893203854560852,0.23730871081352234,0.5483823418617249
0.6201439499855042,0.965880274772644,0.13427920639514923,0.4858645796775818,0.7843925952911377,0.9126213788986206,0.22715207934379578,0.5572405457496643
0.6058688163757324,0.9714112281799316,0.13237261772155762,0.4734962284564972,0.769883930683136,0.9077669978141785,0.2231806367635727,0.5467033386230469
0.607702374458313,0.970802903175354,0.13081490993499756,0.4768875241279602,0.7479869723320007,0.9320387840270996,0.2001010924577713,0.5478859543800354
0.5799110531806946,0.9726277589797974,0.11644362658262253,0.46346738934516907,0.7602297067642212,0.917475700378418,0.21068808436393738,0.5495414733886719
0.6058046817779541,0.9695863723754883,0.12060783803462982,0.4851968288421631,0.7487429976463318,0.9223300814628601,0.20199339091777802,0.5467495322227478
0.5737930536270142,0.978710412979126,0.10292453318834305,0.4708684980869293,0.7610982656478882,0.9223300814628601,0.2132730334997177,0.5478252172470093
